actress_id,url,attribute
1,http://pics.dmm.co.jp/mono/actjpgs/thumbnail/hatano_yui.jpg,small
1,http://pics.dmm.co.jp/mono/actjpgs/hatano_yui.jpg,large
1,https://fourhoi.com/actress/26225-t.jpg,fallback
2,http://pics.dmm.co.jp/mono/actjpgs/thumbnail/ootuki_hibiki.jpg,small
2,http://pics.dmm.co.jp/mono/actjpgs/ootuki_hibiki.jpg,large
2,https://fourhoi.com/actress/30130-t.jpg,fallback
3,https://fourhoi.com/actress/1008785-t.jpg,fallback
3,http://pics.dmm.co.jp/mono/actjpgs/thumbnail/sinoda_yuu.jpg,small
3,http://pics.dmm.co.jp/mono/actjpgs/sinoda_yuu.jpg,large
4,http://pics.dmm.co.jp/mono/actjpgs/thumbnail/ayukawa_tubomi.jpg,small
4,http://pics.dmm.co.jp/mono/actjpgs/ayukawa_tubomi.jpg,large
4,https://fourhoi.com/actress/17802-t.jpg,fallback
5,http://pics.dmm.co.jp/mono/actjpgs/thumbnail/syouda_tisato.jpg,small
5,http://pics.dmm.co.jp/mono/actjpgs/syouda_tisato.jpg,large
5,https://fourhoi.com/actress/16322-t.jpg,fallback
6,http://pics.dmm.co.jp/mono/actjpgs/thumbnail/hasumi_kurea.jpg,small
6,http://pics.dmm.co.jp/mono/actjpgs/hasumi_kurea.jpg,large
6,https://fourhoi.com/actress/1017139-t.jpg,fallback
7,http://pics.dmm.co.jp/mono/actjpgs/thumbnail/houzyou_maki.jpg,small
7,http://pics.dmm.co.jp/mono/actjpgs/houzyou_maki.jpg,large
7,https://fourhoi.com/actress/29949-t.jpg,fallback
8,http://pics.dmm.co.jp/mono/actjpgs/thumbnail/kobayakawa_reiko.jpg,small
8,http://pics.dmm.co.jp/mono/actjpgs/kobayakawa_reiko.jpg,large
8,https://fourhoi.com/actress/1014614-t.jpg,fallback
9,http://pics.dmm.co.jp/mono/actjpgs/thumbnail/julia.jpg,small
9,http://pics.dmm.co.jp/mono/actjpgs/julia.jpg,large
9,https://fourhoi.com/actress/1004672-t.jpg,fallback
10,http://pics.dmm.co.jp/mono/actjpgs/thumbnail/mizuno_asahi.jpg,small
10,http://pics.dmm.co.jp/mono/actjpgs/mizuno_asahi.jpg,large
10,https://fourhoi.com/actress/1019300-t.jpg,fallback
11,http://pics.dmm.co.jp/mono/actjpgs/thumbnail/aika3.jpg,small
11,http://pics.dmm.co.jp/mono/actjpgs/aika3.jpg,large
11,https://fourhoi.com/actress/1008887-t.jpg,fallback
12,http://pics.dmm.co.jp/mono/actjpgs/thumbnail/kazama_yumi.jpg,small
12,http://pics.dmm.co.jp/mono/actjpgs/kazama_yumi.jpg,large
12,https://fourhoi.com/actress/2752-t.jpg,fallback
13,http://pics.dmm.co.jp/mono/actjpgs/thumbnail/sinoda_ayumi.jpg,small
13,http://pics.dmm.co.jp/mono/actjpgs/sinoda_ayumi.jpg,large
13,https://fourhoi.com/actress/1025503-t.jpg,fallback
14,http://pics.dmm.co.jp/mono/actjpgs/thumbnail/sasaki_aki.jpg,small
14,http://pics.dmm.co.jp/mono/actjpgs/sasaki_aki.jpg,large
14,https://fourhoi.com/actress/1032130-t.jpg,fallback
15,http://pics.dmm.co.jp/mono/actjpgs/thumbnail/hamasaki_mao.jpg,small
15,http://pics.dmm.co.jp/mono/actjpgs/hamasaki_mao.jpg,large
15,https://fourhoi.com/actress/1016525-t.jpg,fallback
16,http://pics.dmm.co.jp/mono/actjpgs/thumbnail/matumoto_itika.jpg,small
16,http://pics.dmm.co.jp/mono/actjpgs/matumoto_itika.jpg,large
16,https://fourhoi.com/actress/1054998-t.jpg,fallback
17,http://pics.dmm.co.jp/mono/actjpgs/thumbnail/aoi_rena.jpg,small
17,http://pics.dmm.co.jp/mono/actjpgs/aoi_rena.jpg,large
17,https://fourhoi.com/actress/1032774-t.jpg,fallback
18,http://pics.dmm.co.jp/mono/actjpgs/thumbnail/haduki_nozomi.jpg,small
18,http://pics.dmm.co.jp/mono/actjpgs/haduki_nozomi.jpg,large
18,https://fourhoi.com/actress/1005108-t.jpg,fallback
19,http://pics.dmm.co.jp/mono/actjpgs/thumbnail/kururugi_aoi.jpg,small
19,http://pics.dmm.co.jp/mono/actjpgs/kururugi_aoi.jpg,large
19,https://fourhoi.com/actress/1039047-t.jpg,fallback
20,http://pics.dmm.co.jp/mono/actjpgs/thumbnail/kimizima_mio.jpg,small
20,http://pics.dmm.co.jp/mono/actjpgs/kimizima_mio.jpg,large
20,https://fourhoi.com/actress/1040946-t.jpg,fallback
21,http://pics.dmm.co.jp/mono/actjpgs/thumbnail/nagisa_mituki.jpg,small
21,http://pics.dmm.co.jp/mono/actjpgs/nagisa_mituki.jpg,large
21,https://fourhoi.com/actress/1049908-t.jpg,fallback
22,http://pics.dmm.co.jp/mono/actjpgs/thumbnail/kurata_mao2.jpg,small
22,http://pics.dmm.co.jp/mono/actjpgs/kurata_mao2.jpg,large
22,https://fourhoi.com/actress/1016110-t.jpg,fallback
23,http://pics.dmm.co.jp/mono/actjpgs/thumbnail/kawakami_yuu.jpg,small
23,http://pics.dmm.co.jp/mono/actjpgs/kawakami_yuu.jpg,large
23,https://fourhoi.com/actress/23130-t.jpg,fallback
24,http://pics.dmm.co.jp/mono/actjpgs/thumbnail/haruna_hana.jpg,small
24,http://pics.dmm.co.jp/mono/actjpgs/haruna_hana.jpg,large
24,https://fourhoi.com/actress/1001206-t.jpg,fallback
25,http://pics.dmm.co.jp/mono/actjpgs/thumbnail/abeno_miku.jpg,small
25,http://pics.dmm.co.jp/mono/actjpgs/abeno_miku.jpg,large
25,https://fourhoi.com/actress/1021903-t.jpg,fallback
26,http://pics.dmm.co.jp/mono/actjpgs/thumbnail/niimura_akari.jpg,small
26,http://pics.dmm.co.jp/mono/actjpgs/niimura_akari.jpg,large
26,https://fourhoi.com/actress/1036352-t.jpg,fallback
27,http://pics.dmm.co.jp/mono/actjpgs/thumbnail/arimura_tika.jpg,small
27,http://pics.dmm.co.jp/mono/actjpgs/arimura_tika.jpg,large
27,https://fourhoi.com/actress/1007544-t.jpg,fallback
28,http://pics.dmm.co.jp/mono/actjpgs/thumbnail/iioka_kanako.jpg,small
28,http://pics.dmm.co.jp/mono/actjpgs/iioka_kanako.jpg,large
28,https://fourhoi.com/actress/1020685-t.jpg,fallback
29,http://pics.dmm.co.jp/mono/actjpgs/thumbnail/sunohara_miki.jpg,small
29,http://pics.dmm.co.jp/mono/actjpgs/sunohara_miki.jpg,large
29,https://fourhoi.com/actress/1013499-t.jpg,fallback
30,http://pics.dmm.co.jp/mono/actjpgs/thumbnail/hatumi_saki.jpg,small
30,http://pics.dmm.co.jp/mono/actjpgs/hatumi_saki.jpg,large
30,https://fourhoi.com/actress/1013949-t.jpg,fallback
31,http://pics.dmm.co.jp/mono/actjpgs/thumbnail/mari_rika.jpg,small
31,http://pics.dmm.co.jp/mono/actjpgs/mari_rika.jpg,large
31,https://fourhoi.com/actress/1033841-t.jpg,fallback
32,http://pics.dmm.co.jp/mono/actjpgs/thumbnail/mizuki_nao.jpg,small
32,http://pics.dmm.co.jp/mono/actjpgs/mizuki_nao.jpg,large
32,https://fourhoi.com/actress/17860-t.jpg,fallback
33,http://pics.dmm.co.jp/mono/actjpgs/thumbnail/siina_yuna.jpg,small
33,http://pics.dmm.co.jp/mono/actjpgs/siina_yuna.jpg,large
33,https://fourhoi.com/actress/30317-t.jpg,fallback
34,http://pics.dmm.co.jp/mono/actjpgs/thumbnail/yayoi_miduki.jpg,small
34,http://pics.dmm.co.jp/mono/actjpgs/yayoi_miduki.jpg,large
34,https://fourhoi.com/actress/1054168-t.jpg,fallback
35,http://pics.dmm.co.jp/mono/actjpgs/thumbnail/misono_waka.jpg,small
35,http://pics.dmm.co.jp/mono/actjpgs/misono_waka.jpg,large
35,https://fourhoi.com/actress/1044099-t.jpg,fallback
36,http://pics.dmm.co.jp/mono/actjpgs/thumbnail/maki_kyouko.jpg,small
36,http://pics.dmm.co.jp/mono/actjpgs/maki_kyouko.jpg,large
36,https://fourhoi.com/actress/1008769-t.jpg,fallback
37,http://pics.dmm.co.jp/mono/actjpgs/thumbnail/takasaka_honami.jpg,small
37,http://pics.dmm.co.jp/mono/actjpgs/takasaka_honami.jpg,large
37,https://fourhoi.com/actress/24595-t.jpg,fallback
38,http://pics.dmm.co.jp/mono/actjpgs/thumbnail/kinosita_himari.jpg,small
38,http://pics.dmm.co.jp/mono/actjpgs/kinosita_himari.jpg,large
38,https://fourhoi.com/actress/1060141-t.jpg,fallback
39,http://pics.dmm.co.jp/mono/actjpgs/thumbnail/osikawa_yuuri.jpg,small
39,http://pics.dmm.co.jp/mono/actjpgs/osikawa_yuuri.jpg,large
39,https://fourhoi.com/actress/1020973-t.jpg,fallback
40,http://pics.dmm.co.jp/mono/actjpgs/thumbnail/toono_miho.jpg,small
40,http://pics.dmm.co.jp/mono/actjpgs/toono_miho.jpg,large
40,https://fourhoi.com/actress/1021901-t.jpg,fallback
41,http://pics.dmm.co.jp/mono/actjpgs/thumbnail/konno_hikaru.jpg,small
41,http://pics.dmm.co.jp/mono/actjpgs/konno_hikaru.jpg,large
41,https://fourhoi.com/actress/23558-t.jpg,fallback
42,http://pics.dmm.co.jp/mono/actjpgs/thumbnail/yosizawa_akiho.jpg,small
42,http://pics.dmm.co.jp/mono/actjpgs/yosizawa_akiho.jpg,large
42,https://fourhoi.com/actress/6644-t.jpg,fallback
43,http://pics.dmm.co.jp/mono/actjpgs/thumbnail/nakamori_reiko.jpg,small
43,http://pics.dmm.co.jp/mono/actjpgs/nakamori_reiko.jpg,large
43,https://fourhoi.com/actress/25223-t.jpg,fallback
44,http://pics.dmm.co.jp/mono/actjpgs/thumbnail/sakurai_ayu.jpg,small
44,http://pics.dmm.co.jp/mono/actjpgs/sakurai_ayu.jpg,large
44,https://fourhoi.com/actress/1019602-t.jpg,fallback
45,http://pics.dmm.co.jp/mono/actjpgs/thumbnail/kitagawa_hitomi.jpg,small
45,http://pics.dmm.co.jp/mono/actjpgs/kitagawa_hitomi.jpg,large
45,https://fourhoi.com/actress/1008268-t.jpg,fallback
46,http://pics.dmm.co.jp/mono/actjpgs/thumbnail/kanae_ruka.jpg,small
46,http://pics.dmm.co.jp/mono/actjpgs/kanae_ruka.jpg,large
46,https://fourhoi.com/actress/1014936-t.jpg,fallback
47,http://pics.dmm.co.jp/mono/actjpgs/thumbnail/abe_mikako.jpg,small
47,http://pics.dmm.co.jp/mono/actjpgs/abe_mikako.jpg,large
47,https://fourhoi.com/actress/1015712-t.jpg,fallback
48,http://pics.dmm.co.jp/mono/actjpgs/thumbnail/yokoyama_mirei.jpg,small
48,http://pics.dmm.co.jp/mono/actjpgs/yokoyama_mirei.jpg,large
48,https://fourhoi.com/actress/1000248-t.jpg,fallback
